번호,종목코드,종목명,산업카테고리,시가총액(억),현재 PER,추정 PER,전년 영업이익,추정 영업이익,추정 ROE,부채비율,이익성장률,DeltaPER
0,000660,SK하이닉스,반도체와반도체장비,13398804.0,31.89,7.0,472063.0,2477061.0,93.14,45.95,4.2473102107134,24.89
0,005935,삼성전자우,반도체와반도체장비,1563821.0,29.69,5.0,436010.0,3399562.0,50.07,29.94,6.796981720602738,24.69
0,034020,두산에너빌리티,기계,819918.0,969.7,276.0,7627.0,11228.0,3.73,129.1,0.47213845548708533,693.7
0,005930,삼성전자,반도체와반도체장비,16691125.0,43.49,7.0,436010.0,3399562.0,50.07,29.94,6.796981720602738,36.49
0,000270,기아,자동차,682052.0,9.14,8.0,90781.0,100991.0,12.96,61.76,0.11246846807151267,1.1400000000000006
0,005380,현대차,자동차,1322735.0,18.28,16.0,114679.0,120775.0,8.8,188.95,0.05315707322177565,2.280000000000001
0,402340,SK스퀘어,복합기업,1566346.0,17.86,5.0,87974.0,320573.0,80.37,9.01,2.643951622070157,12.86
0,373220,LG에너지솔루션,전기제품,1095120.0,,-346.0,13461.0,11760.0,-1.59,129.0,-0.12636505460218406,
0,028260,삼성물산,복합기업,733004.0,31.91,28.0,32927.0,36847.0,5.28,50.5,0.11905123454915412,3.91
0,329180,HD현대중공업,조선,718984.0,43.63,25.0,20375.0,37440.0,26.53,180.07,0.8375460122699387,18.630000000000003
0,012450,한화에어로스페이스,우주항공과국방,678059.0,46.02,31.0,30893.0,42950.0,20.34,221.38,0.3902825882886092,15.020000000000003
0,207940,삼성바이오로직스,제약,674922.0,54.87,34.0,20692.0,25030.0,21.89,48.44,0.20964624009278943,20.869999999999997
0,009150,삼성전기,전자장비와기기,672243.0,98.91,55.0,9133.0,15566.0,12.49,48.98,0.7043687725829411,43.91
0,006400,삼성SDI,전기제품,551205.0,,133.0,-17224.0,-506.0,1.94,79.27,-0.9706223873664654,
0,032830,삼성생명,생명보험,599000.0,26.01,24.0,25805.0,30018.0,3.53,440.89,0.16326293354001153,2.0100000000000016
0,105560,KB금융,은행,592087.0,10.51,9.0,85177.0,90398.0,10.51,1211.73,0.06129588973549205,1.5099999999999998
0,012330,현대모비스,자동차부품,501751.0,13.94,12.0,33575.0,37187.0,8.26,43.05,0.10758004467609839,1.9399999999999995
0,267260,HD현대일렉트릭,전기장비,49962.0,67.01,50.0,9953.0,12526.0,41.17,134.63,0.258515020596805,17.010000000000005
0,055550,신한지주,은행,461364.0,9.64,8.0,70234.0,75974.0,9.3,1201.94,0.08172679898624602,1.6400000000000006
0,010120,LS ELECTRIC,전기장비,456000.0,159.08,92.0,4264.0,6451.0,21.94,131.48,0.5128986866791745,67.08000000000001
0,006800,미래에셋증권,증권,444296.0,36.86,22.0,19151.0,31240.0,17.79,1015.01,0.6312464101091326,14.86
0,068270,셀트리온,제약,424568.0,43.02,29.0,11685.0,17666.0,8.34,28.71,0.5118528027385536,14.020000000000003
0,034730,SK,석유와가스,413990.0,26.12,13.0,18185.0,46060.0,12.28,149.17,1.532856750068738,13.120000000000001
0,005490,POSCO홀딩스,철강,405717.0,63.33,22.0,18271.0,32719.0,3.34,68.64,0.7907613157462645,41.33
0,298040,효성중공업,전기장비,404033.0,77.72,51.0,7470.0,10942.0,29.09,190.31,0.4647925033467202,26.72
0,042660,한화오션,조선,399869.0,32.1,26.0,11676.0,18102.0,22.03,226.17,0.5503597122302157,6.100000000000001
0,042700,한미반도체,반도체와반도체장비,381249.0,179.13,179.13,2514.0,2514.0,34.76,17.82,0.0,0.0
0,035420,NAVER,양방향미디어와서비스,331788.0,17.09,16.0,22081.0,24324.0,7.1,41.9,0.101580544359404,1.0899999999999999
0,086790,하나금융지주,은행,347350.0,8.97,8.0,53509.0,59850.0,9.6,1377.89,0.11850342932964542,0.9700000000000006
0,009540,HD한국조선해양,조선,335465.0,15.47,10.0,39045.0,55376.0,23.73,133.86,0.41826098091945196,5.470000000000001
0,010130,고려아연,비철금속,318939.0,39.67,23.0,12319.0,21835.0,11.67,82.36,0.7724652975079147,16.67
0,051910,LG화학,화학,298959.0,,126.0,11809.0,14982.0,0.79,114.54,0.26869336946396816,
0,010140,삼성중공업,조선,298760.0,54.76,28.0,8622.0,15275.0,22.98,265.05,0.771630712131756,26.759999999999998
0,069500,KODEX 200,,261698.0,,,,,,,,
0,015760,한국전력,전기유틸리티,277328.0,3.25,3.0,134906.0,136375.0,15.55,416.85,0.010889063496063889,0.25
0,000150,두산,복합기업,278534.0,485.05,80.0,10627.0,17260.0,25.15,169.14,0.6241648630845957,405.05
0,066570,LG전자,전자제품,255243.0,29.45,15.0,24784.0,38227.0,7.7,140.33,0.542406391220142,14.45
0,003670,포스코퓨처엠,화학,249049.0,725.39,698.0,328.0,884.0,0.88,102.65,1.6951219512195124,27.389999999999986
0,064350,현대로템,우주항공과국방,239567.0,31.11,26.0,10056.0,11556.0,26.17,206.39,0.14916467780429588,5.109999999999999
0,316140,우리금융지주,은행,238575.0,7.7,8.0,36748.0,43464.0,8.39,1488.67,0.1827582453466856,-0.2999999999999998
0,267250,HD현대,조선,231845.0,24.08,14.0,60996.0,82225.0,15.72,159.39,0.3480392156862746,10.079999999999998
0,000810,삼성화재,손해보험,225470.0,12.41,11.0,26591.0,29128.0,9.5,352.98,0.09540822082659539,1.4100000000000001
0,096770,SK이노베이션,석유와가스,224333.0,,11.0,4487.0,42802.0,8.89,190.2,8.539112993091152,
0,272210,한화시스템,우주항공과국방,219335.0,90.56,85.0,1199.0,2960.0,5.09,106.5,1.468723936613845,5.560000000000002
0,247540,에코프로비엠,전기제품,217184.0,550.87,562.0,1433.0,1115.0,2.25,142.16,-0.22191207257501744,-11.129999999999995
0,017670,SK텔레콤,무선통신서비스,21924.0,51.66,17.0,10732.0,19059.0,9.19,132.4,0.7759038389862094,34.66
0,033780,KT&G,담배,206762.0,20.09,15.0,13437.0,15029.0,13.52,51.98,0.11847882711914859,5.09
0,086520,에코프로,화학,198776.0,,,2138.0,2138.0,-8.39,117.92,0.0,
0,035720,카카오,양방향미디어와서비스,198071.0,40.27,29.0,7320.0,9416.0,5.84,82.49,0.28633879781420757,11.270000000000003
0,079550,LIG디펜스앤에어로스페이스,우주항공과국방,192500.0,75.98,53.0,3194.0,4550.0,23.22,446.35,0.4245460237946148,22.980000000000004
0,011200,HMM,해운사,189119.0,10.26,15.0,14612.0,9366.0,4.57,26.31,-0.35901998357514375,-4.74
0,086280,현대글로비스,항공화물운송과물류,188250.0,10.86,11.0,20730.0,21954.0,15.73,78.92,0.059044862518089714,-0.14000000000000057
0,138040,메리츠금융지주,증권,187429.0,8.82,8.0,28727.0,32895.0,22.25,1102.87,0.1450899850315035,0.8200000000000003
0,307950,현대오토에버,IT서비스,174142.0,95.43,84.0,2553.0,2770.0,10.83,92.31,0.08499804151978063,11.430000000000007
0,000720,현대건설,건설,184628.0,49.94,35.0,6530.0,8285.0,6.28,174.81,0.268759571209801,14.939999999999998
0,360750,TIGER 미국S&P500,,173724.0,,,,,,,,
0,196170,알테오젠,생물공학,173985.0,123.43,123.43,1069.0,3252.0,50.87,53.76,2.0420954162768945,0.0
0,024110,기업은행,은행,17250.0,6.28,6.0,36556.0,37288.0,7.52,1258.51,0.020024072655651537,0.28000000000000025
0,006260,LS,전기장비,168792.0,63.96,36.0,10526.0,13960.0,9.06,225.47,0.3262397871936158,27.96
0,277810,레인보우로보틱스,기계,167809.0,11849.32,11849.32,-25.0,-25.0,1.07,7.08,0.0,0.0
0,047810,한국항공우주,우주항공과국방,165220.0,88.88,48.0,2692.0,4734.0,17.54,446.57,0.7585438335809807,40.879999999999995
0,278470,에이피알,화장품,163979.0,56.85,31.0,3655.0,6855.0,85.97,73.11,0.8755129958960328,25.85
0,011070,LG이노텍,전자장비와기기,162830.0,47.71,22.0,6650.0,10778.0,12.27,107.02,0.6207518796992482,25.71
0,071050,한국금융지주,증권,148231.0,8.11,7.0,23453.0,28116.0,17.81,1025.35,0.19882317827143647,1.1099999999999994
0,003550,LG,복합기업,162087.0,22.71,10.0,9122.0,16754.0,5.45,12.03,0.8366586274939707,12.71
0,030200,KT,다각화된통신서비스,148189.0,8.56,10.0,24691.0,21309.0,8.1,120.72,-0.13697298610829856,-1.4399999999999995
0,018260,삼성에스디에스,IT서비스,134405.0,17.7,19.0,9571.0,8297.0,6.97,31.09,-0.13311043778079612,-1.3000000000000007
0,047050,포스코인터내셔널,무역회사와판매업체,132470.0,21.57,15.0,11653.0,13841.0,12.48,140.03,0.18776280786063682,6.57
0,259960,크래프톤,게임엔터테인먼트,134877.0,18.43,12.0,10544.0,13822.0,15.11,31.31,0.3108877086494688,6.43
0,047040,대우건설,건설,131901.0,,38.0,-8154.0,5964.0,9.81,284.46,-1.731420161883738,
0,001440,대한전선,전기장비,131445.0,155.97,128.0,1286.0,1886.0,6.25,114.0,0.4665629860031104,27.97
0,005940,NH투자증권,증권,128462.0,12.48,9.0,14206.0,19813.0,14.75,783.5,0.39469238349992963,3.4800000000000004
0,0126Z0,삼성에피스홀딩스,제약,128148.0,,,-636.0,2444.0,3.86,33.28,-4.8427672955974845,
0,016360,삼성증권,증권,12734.0,11.99,9.0,13757.0,18232.0,16.01,887.64,0.32528894381042384,2.99
0,010950,S-Oil,석유와가스,124854.0,73.06,8.0,2356.0,25042.0,17.77,198.82,9.629032258064516,65.06
0,039490,키움증권,증권,12388.0,11.33,8.0,14882.0,20096.0,21.06,1107.51,0.350356134928101,3.33
0,396500,TIGER 반도체TOP10,,127995.0,,,,,,,,
0,443060,HD현대마린솔루션,조선,115222.0,42.74,32.0,3501.0,4339.0,39.74,54.27,0.23936018280491278,10.740000000000002
0,028050,삼성E&A,건설,114856.0,18.6,16.0,7921.0,8819.0,14.1,125.8,0.11336952404999368,2.6000000000000014
0,950160,코오롱티슈진,생물공학,112614.0,,,-223.0,-290.0,-63.89,561.65,0.3004484304932735,
0,323410,카카오뱅크,은행,11453.0,22.99,18.0,6494.0,7109.0,8.84,1032.02,0.09470280258700337,4.989999999999998
0,005830,DB손해보험,손해보험,106242.0,6.42,7.0,23840.0,20870.0,14.12,576.91,-0.12458053691275173,-0.5800000000000001
0,102110,TIGER 200,,104940.0,,,,,,,,
0,352820,하이브,방송과엔터테인먼트,104092.0,,49.0,493.0,2899.0,6.35,54.46,4.880324543610548,
0,007660,이수페타시스,전자장비와기기,102846.0,62.07,39.0,2047.0,3215.0,31.83,70.53,0.570591108939912,23.07
0,133690,TIGER 미국나스닥100,,99550.0,,,,,,,,
0,003230,삼양식품,식품,99360.0,25.51,19.0,5242.0,6906.0,35.27,72.74,0.3174360930942388,6.510000000000002
0,062040,산일전기,전기장비,99195.0,66.24,48.0,1786.0,2517.0,31.01,16.48,0.4092945128779395,18.239999999999995
0,000880,한화,복합기업,97371.0,35.06,15.0,41469.0,53568.0,6.71,497.35,0.291760109961658,20.060000000000002
0,000250,삼천당제약,제약,96058.0,1828.12,1828.12,85.0,85.0,1.94,54.36,0.0,0.0
0,005387,현대차2우B,자동차,95102.0,7.7,7.0,114679.0,120775.0,8.8,188.95,0.05315707322177565,0.7000000000000002
0,003490,대한항공,항공사,94817.0,12.2,51.0,11136.0,7361.0,1.7,339.88,-0.3389906609195402,-38.8
0,379800,KODEX 미국S&P500,,91032.0,,,,,,,,
0,122630,KODEX 레버리지,,89209.0,,,,,,,,
0,058470,리노공업,반도체와반도체장비,88253.0,58.07,47.0,1770.0,2168.0,23.54,8.3,0.22485875706214697,11.07
0,267270,HD건설기계,기계,86545.0,32.14,17.0,1709.0,6814.0,17.41,86.64,2.987126974839087,15.14
0,278530,KODEX 200TR,,84699.0,,,,,,,,
0,000990,DB하이텍,반도체와반도체장비,81223.0,32.28,32.28,2773.0,3080.0,12.85,33.36,0.11071042192571223,0.0
0,459580,KODEX CD금리액티브(합성),,8598.0,,,,,,,,
0,377300,카카오페이,IT서비스,8336.0,177.31,70.0,504.0,1388.0,5.85,173.7,1.753968253968254,107.31
0,000500,가온전선,전기장비,78911.0,148.27,148.27,792.0,792.0,10.96,184.82,0.0,0.0
0,009830,한화솔루션,에너지장비및서비스,78211.0,,17.0,-3648.0,7970.0,4.87,196.32,-3.1847587719298245,
0,326030,SK바이오팜,제약,77217.0,28.92,24.0,2039.0,3348.0,32.25,45.03,0.6419813634134379,4.920000000000002
0,036930,주성엔지니어링,반도체와반도체장비,76136.0,216.95,119.0,313.0,657.0,10.35,50.37,1.099041533546326,97.94999999999999
0,066970,엘앤에프,전기제품,75773.0,,-2014.0,-1568.0,2209.0,-0.56,363.06,-2.4088010204081636,
0,161390,한국타이어앤테크놀로지,자동차부품,75688.0,6.95,5.0,18411.0,21815.0,11.06,87.63,0.18488946825267494,1.9500000000000002
0,488770,KODEX 머니마켓액티브,,75391.0,,,,,,,,
0,028300,HLB,건강관리장비와용품,75236.0,,,-1042.0,-1042.0,-44.32,88.14,0.0,
0,379810,KODEX 미국나스닥100,,75175.0,,,,,,,,
0,090430,아모레퍼시픽,화장품,74812.0,37.47,25.0,3358.0,4551.0,6.41,26.49,0.3552709946396664,12.469999999999999
0,180640,한진칼,항공사,74039.0,48.15,48.15,-75.0,-75.0,4.75,20.93,0.0,0.0
0,078930,GS,석유와가스,71916.0,9.18,8.0,29361.0,33175.0,6.27,86.04,0.12990020775859135,1.1799999999999997
0,298380,에이비엘바이오,생물공학,71496.0,,-194.0,-404.0,-400.0,-23.26,79.29,-0.00990099009900991,
0,241560,두산밥캣,기계,7167.0,17.56,13.0,6861.0,7660.0,7.13,70.77,0.11645532721177676,4.559999999999999
0,240810,원익IPS,반도체와반도체장비,69503.0,82.71,43.0,738.0,1846.0,15.32,20.06,1.5013550135501355,39.709999999999994
0,064400,LG씨엔에스,IT서비스,68305.0,15.5,14.0,5518.0,6169.0,15.83,79.68,0.1179775280898876,1.5
0,103590,일진전기,전기장비,67952.0,65.4,46.0,1512.0,2068.0,22.63,159.23,0.3677248677248677,19.400000000000006
0,141080,리가켐바이오,제약,68190.0,,288.0,-1065.0,-14.0,4.47,29.7,-0.9868544600938968,
0,454910,두산로보틱스,기계,67672.0,,,-595.0,-595.0,-14.78,14.57,0.0,
0,000100,유한양행,제약,67382.0,35.41,43.0,1044.0,1373.0,6.68,36.35,0.31513409961685834,-7.590000000000003
0,032640,LG유플러스,무선통신서비스,65850.0,12.68,9.0,8921.0,11313.0,8.11,117.06,0.2681313754063446,3.6799999999999997
0,021240,코웨이,가정용기기와용품,65672.0,10.84,9.0,8787.0,9861.0,17.87,93.71,0.12222601570501879,1.8399999999999999
0,052690,한전기술,전기유틸리티,65509.0,76.72,106.0,355.0,646.0,9.81,41.7,0.819718309859155,-29.28
0,082740,한화엔진,조선,65423.0,37.66,32.0,1301.0,2433.0,30.69,204.92,0.8700999231360491,5.659999999999997
0,087010,펩트론,생물공학,64472.0,,,-213.0,-213.0,-9.41,26.03,0.0,
0,091160,KODEX 반도체,,63990.0,,,,,,,,
0,336260,두산퓨얼셀,전기제품,63332.0,,-169.0,-1057.0,-351.0,-13.61,226.12,-0.6679280983916746,
0,005385,현대차우,자동차,63487.0,7.7,7.0,114679.0,120775.0,8.8,188.95,0.05315707322177565,0.7000000000000002
0,001040,CJ,복합기업,63752.0,54.37,23.0,25277.0,27444.0,6.37,176.0,0.0857301103770225,31.369999999999997
0,034220,LG디스플레이,디스플레이패널,63050.0,27.84,13.0,5170.0,12298.0,7.13,243.36,1.3787234042553194,14.84
0,353200,대덕전자,전자장비와기기,62166.0,136.15,34.0,491.0,2330.0,19.7,31.28,3.7454175152749487,102.15
0,039030,이오테크닉스,반도체와반도체장비,61721.0,107.88,54.0,808.0,1302.0,15.75,13.06,0.6113861386138615,53.879999999999995
0,229200,KODEX 코스닥150,,59729.0,,,,,,,,
0,010060,OCI홀딩스,화학,59651.0,,25.0,-576.0,3851.0,5.99,66.35,-7.685763888888889,
0,011790,SKC,화학,59188.0,,-33.0,-3050.0,-605.0,-24.88,232.74,-0.8016393442622951,
0,018880,한온시스템,자동차부품,58805.0,,25.0,2704.0,4344.0,6.03,168.14,0.6065088757396451,
0,310970,TIGER MSCI Korea TR,,58374.0,,,,,,,,
0,004020,현대제철,철강,58249.0,,29.0,2192.0,4792.0,1.03,73.6,1.1861313868613137,
0,029780,삼성카드,카드,58161.0,9.0,9.0,8537.0,8505.0,7.21,263.01,-0.0037483893639451704,0.0
0,498400,KODEX 200타겟위클리커버드콜,,56549.0,,,,,,,,
0,108490,로보티즈,기계,55330.0,1001.33,488.0,33.0,96.0,3.57,1.79,1.9090909090909092,513.33
0,271560,오리온,식품,55192.0,14.42,12.0,5583.0,6482.0,12.04,17.55,0.1610245387784346,2.42
0,381180,TIGER 미국필라델피아반도체나스닥,,54776.0,,,,,,,,
0,138930,BNK금융지주,은행,54742.0,6.86,6.0,9027.0,11174.0,7.78,1333.0,0.23784202946715416,0.8600000000000003
0,214370,케어젠,건강관리업체및서비스,54413.0,270.86,270.86,204.0,204.0,9.23,8.85,0.0,0.0
0,128940,한미약품,제약,54255.0,32.0,30.0,2578.0,2663.0,13.74,50.23,0.03297129557796752,2.0
0,036570,NC,게임엔터테인먼트,54075.0,15.66,14.0,161.0,4380.0,10.77,28.56,26.204968944099377,1.6600000000000001
0,002380,KCC,건축자재,53852.0,3.5,5.0,4276.0,4406.0,12.73,114.76,0.03040224508886813,-1.5
0,088980,맥쿼리인프라,,53783.0,,,,,,,,
0,450080,에코프로머티,전기제품,52919.0,229.36,229.36,-654.0,1076.0,6.46,51.05,-2.6452599388379205,0.0
0,022100,포스코DX,IT서비스,52072.0,99.85,99.85,604.0,604.0,9.53,45.73,0.0,0.0
0,095340,ISC,반도체와반도체장비,51615.0,91.96,58.0,601.0,997.0,15.7,15.85,0.658901830282862,33.959999999999994
0,310210,보로노이,제약,5330.0,,,-544.0,-440.0,-58.1,64.97,-0.19117647058823528,
0,440110,파두,반도체와반도체장비,5297.0,,,-655.0,-655.0,-131.08,518.5,0.0,
0,487240,KODEX AI전력핵심설비,,5257.0,,,,,,,,
0,175330,JB금융지주,은행,49134.0,7.08,7.0,9523.0,10187.0,12.19,1084.16,0.06972592670376976,0.08000000000000007
0,411060,ACE KRX금현물,,47331.0,,,,,,,,
0,403870,HPSP,반도체와반도체장비,45594.0,63.68,43.0,899.0,1281.0,30.75,19.95,0.42491657397107896,20.68
0,011170,롯데케미칼,화학,45556.0,,-12.0,-9431.0,-1005.0,-3.09,76.52,-0.893436539073269,
0,357870,TIGER CD금리투자KIS(합성),,44875.0,,,,,,,,
0,148020,RISE 200,,44197.0,,,,,,,,
0,010170,대한광통신,통신장비,43458.0,,,-214.0,23.0,-52.05,228.6,-1.1074766355140186,
0,004800,효성,복합기업,43525.0,13.19,13.19,3930.0,4620.0,12.92,88.55,0.17557251908396942,0.0
0,423160,KODEX KOFR금리액티브(합성),,43339.0,,,,,,,,
0,319400,현대무벡스,기계,43103.0,390.91,390.91,182.0,210.0,10.08,76.81,0.15384615384615374,0.0
0,381170,TIGER 미국테크TOP10 INDXX,,42882.0,,,,,,,,
0,222800,심텍,전자장비와기기,42607.0,,35.0,119.0,1588.0,19.05,181.13,12.344537815126051,
0,273130,KODEX 종합채권(AA-이상)액티브,,42139.0,,,,,,,,
0,004170,신세계,백화점과일반상점,42078.0,309.38,16.0,4800.0,6234.0,5.86,140.91,0.29875000000000007,293.38
0,051900,LG생활건강,화장품,41087.0,,26.0,1707.0,3251.0,3.26,23.32,0.9045108377270064,
0,023530,롯데쇼핑,백화점과일반상점,41019.0,79.58,14.0,5470.0,6982.0,1.89,124.77,0.27641681901279713,65.58
0,233740,KODEX 코스닥150레버리지,,41277.0,,,,,,,,
0,088350,한화생명,생명보험,4734.0,6.36,6.36,11472.0,11472.0,6.51,974.0,0.0,0.0
0,178320,서진시스템,전기장비,4197.0,,,11.0,2032.0,16.43,212.62,183.72727272727272,
0,489790,한화비전,통신장비,39987.0,87.71,27.0,1623.0,1987.0,15.7,108.88,0.22427603203943325,60.709999999999994
0,020150,롯데에너지머티리얼즈,전자장비와기기,39484.0,,-98.0,-1452.0,-448.0,-2.49,23.15,-0.6914600550964187,
0,360200,ACE 미국S&P500,,37646.0,,,,,,,,
0,017800,현대엘리베이터,기계,37724.0,14.4,14.4,2092.0,2307.0,16.84,157.77,0.10277246653919692,0.0
0,011780,금호석유화학,화학,37560.0,15.17,11.0,2718.0,3629.0,6.09,35.67,0.33517292126563647,4.17
0,012510,더존비즈온,소프트웨어,36474.0,40.91,40.91,1277.0,1277.0,16.0,78.85,0.0,0.0
0,145020,휴젤,생물공학,36297.0,26.0,21.0,2009.0,2160.0,16.61,9.86,0.07516177202588348,5.0
0,357780,솔브레인,반도체와반도체장비,36287.0,45.9,23.0,1336.0,2009.0,14.08,30.15,0.5037425149700598,22.9
0,214150,클래시스,건강관리장비와용품,36271.0,27.61,20.0,1706.0,2343.0,29.44,27.73,0.3733880422039859,7.609999999999999
0,111770,영원무역,"섬유,의류,신발,호화품",36070.0,7.33,6.0,5144.0,6305.0,13.64,39.25,0.2256998444790046,1.33
0,102780,KODEX 삼성그룹,,35724.0,,,,,,,,
0,375500,DL이앤씨,건설,35327.0,10.59,10.0,3870.0,4935.0,7.44,84.38,0.27519379844961245,0.5899999999999999
0,064760,티씨케이,반도체와반도체장비,35327.0,52.7,34.0,839.0,1234.0,18.17,9.3,0.4707985697258641,18.700000000000003
0,251270,넷마블,게임엔터테인먼트,35038.0,16.33,10.0,3525.0,3946.0,6.59,47.36,0.1194326241134751,6.329999999999998
0,458730,TIGER 미국배당다우존스,,34754.0,,,,,,,,
0,226950,올릭스,생명과학도구및서비스,34592.0,,,-300.0,-310.0,-28.79,30.18,0.03333333333333344,
0,084370,유진테크,반도체와반도체장비,34443.0,81.11,81.11,517.0,1189.0,21.07,18.16,1.2998065764023212,0.0
0,263750,펄어비스,게임엔터테인먼트,34308.0,,13.0,-148.0,3160.0,28.65,43.8,-22.35135135135135,
0,035250,강원랜드,"호텔,레스토랑,레저",34252.0,10.77,13.0,2353.0,2180.0,6.79,22.21,-0.07352316192095198,-2.2300000000000004
0,036460,한국가스공사,가스유틸리티,34248.0,25.75,4.0,21012.0,21318.0,7.05,396.6,0.014563106796116498,21.75
0,043260,성호전자,전기제품,34114.0,35.87,35.87,76.0,76.0,46.27,128.77,0.0,0.0
0,214450,파마리서치,건강관리장비와용품,34078.0,23.08,18.0,2144.0,2690.0,27.53,44.21,0.2546641791044777,5.079999999999998
0,097950,CJ제일제당,식품,33947.0,,10.0,12336.0,13127.0,5.35,157.5,0.06412127107652399,
0,457190,이수스페셜티케미컬,화학,33331.0,4412.0,4412.0,16.0,140.0,0.6,175.79,7.75,0.0
0,100790,미래에셋벤처투자,창업투자,33203.0,107.39,107.39,351.0,351.0,8.47,190.79,0.0,0.0
0,302440,SK바이오사이언스,제약,33109.0,,,-1235.0,-1197.0,-4.27,45.07,-0.03076923076923077,
0,319660,피에스케이,반도체와반도체장비,33080.0,42.11,29.0,885.0,1303.0,19.06,19.84,0.4723163841807909,13.11
0,032820,우리기술,우주항공과국방,33022.0,3860.0,3860.0,-55.0,-55.0,0.67,172.08,0.0,0.0
0,367380,ACE 미국나스닥100,,32765.0,,,,,,,,
0,383220,F&F,"섬유,의류,신발,호화품",32982.0,8.28,7.0,4686.0,5255.0,22.7,41.13,0.12142552283397356,1.2799999999999994
0,001720,신영증권,증권,32518.0,22.91,22.91,1361.0,1361.0,6.45,466.36,0.0,0.0
0,014680,한솔케미칼,화학,31723.0,21.47,18.0,1562.0,1925.0,15.24,35.94,0.232394366197183,3.469999999999999
0,005850,에스엘,자동차부품,31585.0,10.16,8.0,4071.0,4343.0,13.98,50.74,0.06681405060181778,2.16
0,058610,에스피지,전기제품,31536.0,345.15,345.15,179.0,210.0,5.87,66.09,0.17318435754189943,0.0
0,031210,서울보증보험,손해보험,31455.0,11.72,11.72,3757.0,3757.0,5.18,81.11,0.0,0.0
0,00680K,미래에셋증권2우B,증권,31327.0,10.65,6.0,19151.0,31240.0,17.79,1015.01,0.6312464101091326,4.65
0,439260,대한조선,조선,31245.0,11.09,10.0,2941.0,3638.0,24.6,40.8,0.23699421965317913,1.0899999999999999
0,139480,이마트,백화점과일반상점,31156.0,22.94,13.0,3225.0,5758.0,2.16,144.61,0.7854263565891473,9.940000000000001
0,028670,팬오션,해운사,31112.0,10.32,8.0,4919.0,5623.0,6.41,89.63,0.14311852002439518,2.3200000000000003
0,006360,GS건설,건설,3980.0,33.12,13.0,4378.0,4753.0,4.77,234.2,0.085655550479671,20.119999999999997
0,347850,디앤디파마텍,생물공학,3970.0,,,-340.0,-260.0,-63.39,23.5,-0.23529411764705888,
0,139130,iM금융지주,은행,3888.0,7.13,6.0,5832.0,6714.0,7.79,1435.88,0.15123456790123457,1.13
0,071970,HD현대마린엔진,조선,3767.0,18.64,22.0,759.0,1502.0,24.95,66.64,0.9789196310935442,-3.3599999999999994
0,237690,에스티팜,제약,3438.0,53.95,45.0,549.0,750.0,10.78,31.97,0.36612021857923494,8.950000000000003
0,131970,두산테스나,반도체와반도체장비,3266.0,2007.69,56.0,-9.0,652.0,11.69,61.02,-73.44444444444444,1951.69
0,005290,동진쎄미켐,반도체와반도체장비,3283.0,30.57,30.57,1724.0,1724.0,9.52,82.11,0.0,0.0
0,0043B0,TIGER 머니마켓액티브,,29340.0,,,,,,,,
0,204320,HL만도,자동차부품,29160.0,29.15,15.0,3571.0,4104.0,7.07,148.16,0.14925791094931395,14.149999999999999
0,004990,롯데지주,복합기업,29750.0,,,2394.0,4950.0,-10.51,144.87,1.0676691729323307,
0,278540,KODEX MSCI Korea TR,,29128.0,,,,,,,,
0,082920,비츠로셀,전기제품,29063.0,51.04,38.0,693.0,911.0,20.92,12.21,0.3145743145743145,13.04
0,481050,KODEX CD1년금리플러스액티브(합성),,28882.0,,,,,,,,
0,000155,두산우,복합기업,28775.0,203.05,33.0,10627.0,17260.0,25.15,169.14,0.6241648630845957,170.05
0,067310,하나마이크론,반도체와반도체장비,28679.0,75.04,75.04,1277.0,2516.0,24.0,209.16,0.9702427564604541,0.0
0,007340,DN오토모티브,자동차부품,28524.0,10.14,10.14,5279.0,5443.0,13.62,115.36,0.031066489865504865,0.0
0,098460,고영,전자장비와기기,28492.0,193.02,61.0,173.0,424.0,13.32,22.43,1.4508670520231215,132.02
0,455890,RISE 머니마켓액티브,,28378.0,,,,,,,,
0,395270,HANARO Fn K-반도체,,28198.0,,,,,,,,
0,031980,피에스케이홀딩스,반도체와반도체장비,28139.0,30.69,26.0,734.0,946.0,19.55,15.5,0.28882833787465945,4.690000000000001
0,012750,에스원,상업서비스와공급품,28005.0,15.68,18.0,2346.0,1961.0,8.91,38.47,-0.16410912190963345,-2.3200000000000003
0,009970,영원무역홀딩스,"섬유,의류,신발,호화품",27673.0,7.56,7.56,7355.0,7355.0,12.83,32.34,0.0,0.0
0,161510,PLUS 고배당주,,28053.0,,,,,,,,
0,218410,RFHIC,통신장비,27616.0,96.12,66.0,309.0,531.0,11.96,37.77,0.7184466019417475,30.120000000000005
0,083650,비에이치아이,에너지장비및서비스,27571.0,42.29,42.29,755.0,1073.0,40.56,367.65,0.4211920529801325,0.0
0,483650,달바글로벌,화장품,27141.0,33.11,23.0,1015.0,1512.0,49.32,28.6,0.4896551724137932,10.11
0,229640,LS에코에너지,전기장비,27072.0,64.34,53.0,668.0,792.0,22.1,117.63,0.18562874251497008,11.340000000000003
0,257720,실리콘투,인터넷과카탈로그소매,27069.0,16.96,14.0,2054.0,2676.0,38.66,55.09,0.30282375851996113,2.960000000000001
0,494310,KODEX 반도체레버리지,,26844.0,,,,,,,,
0,395160,KODEX AI반도체,,26308.0,,,,,,,,
0,120110,코오롱인더,화학,26412.0,69.78,18.0,1089.0,2038.0,3.93,88.99,0.8714416896235078,51.78
0,001430,세아베스틸지주,철강,26179.0,46.59,32.0,984.0,1420.0,4.22,100.44,0.44308943089430897,14.590000000000003
0,0009K0,에임드바이오,생물공학,27033.0,454.35,454.35,208.0,208.0,5.13,3.32,0.0,0.0
0,103140,풍산,비철금속,26119.0,17.75,10.0,2974.0,3582.0,10.41,88.38,0.20443846671149957,7.75
0,030530,원익홀딩스,반도체와반도체장비,26029.0,94.93,94.93,-4.0,-4.0,2.78,51.37,0.0,0.0
0,292150,TIGER 코리아TOP10,,25495.0,,,,,,,,
0,051600,한전KPS,전기유틸리티,25695.0,20.68,17.0,1401.0,1839.0,11.27,26.58,0.3126338329764453,3.6799999999999997
0,001450,현대해상,손해보험,25873.0,2.66,4.0,12610.0,12610.0,20.6,877.79,0.0,-1.3399999999999999
0,008770,호텔신라,백화점과일반상점,25197.0,,28.0,135.0,1692.0,7.94,220.14,11.533333333333333,
0,112610,씨에스윈드,에너지장비및서비스,25092.0,72.3,14.0,3203.0,3030.0,14.89,167.68,-0.054011863877614696,58.3
0,018670,SK가스,가스유틸리티,24995.0,10.61,10.0,4428.0,4684.0,8.69,155.42,0.057813911472448076,0.6099999999999994
0,305720,KODEX 2차전지산업,,24990.0,,,,,,,,
0,026960,동서,식품,24576.0,16.96,16.96,453.0,453.0,8.48,3.52,0.0,0.0
0,488080,TIGER 반도체TOP10레버리지,,24643.0,,,,,,,,
0,140410,메지온,식품,24466.0,,,-168.0,-168.0,-110.43,470.09,0.0,
0,097230,HJ중공업,건설,24470.0,44.79,44.79,671.0,2170.0,24.83,266.36,2.2339791356184797,0.0
0,449170,TIGER KOFR금리액티브(합성),,24457.0,,,,,,,,
0,011210,현대위아,자동차부품,24367.0,24.61,16.0,2044.0,2392.0,4.29,72.8,0.1702544031311155,8.61
0,192820,코스맥스,화장품,24174.0,19.64,17.0,1958.0,2326.0,23.11,247.1,0.1879468845760981,2.6400000000000006
0,009420,한올바이오파마,제약,24083.0,,412.0,-9.0,61.0,3.6,39.3,-7.777777777777778,
0,008930,한미사이언스,제약,24074.0,20.34,20.34,1387.0,1387.0,13.13,55.24,0.0,0.0
0,069960,현대백화점,백화점과일반상점,23980.0,12.12,10.0,3779.0,4083.0,5.43,78.26,0.0804445620534533,2.119999999999999
0,007810,코리아써키트,전자장비와기기,23863.0,57.65,28.0,538.0,1347.0,20.34,76.14,1.503717472118959,29.65
0,161890,한국콜마,화장품,23581.0,18.85,16.0,2396.0,2843.0,15.36,107.38,0.18656093489148584,2.8500000000000014
0,017960,한국카본,조선,23552.0,22.98,19.0,1310.0,1631.0,19.84,79.81,0.2450381679389313,3.9800000000000004
0,279570,케이뱅크,은행,23490.0,19.3,19.3,1171.0,1404.0,5.34,1367.21,0.1989752348420153,0.0
0,000240,한국앤컴퍼니,자동차부품,23402.0,6.74,6.74,4116.0,4574.0,8.41,10.01,0.11127308066083574,0.0
0,476830,알지노믹스,생물공학,23228.0,,,-146.0,-146.0,604.61,6.72,0.0,
0,323280,태성,전자장비와기기,23026.0,,,-25.0,-25.0,-3.0,34.71,0.0,
0,068760,셀트리온제약,제약,23000.0,59.54,59.54,561.0,561.0,9.3,74.2,0.0,0.0
0,347700,스피어,우주항공과국방,23517.0,9390.0,9390.0,91.0,241.0,21.92,49.85,1.6483516483516483,0.0
0,282330,BGF리테일,백화점과일반상점,22936.0,11.75,10.0,2539.0,2856.0,15.93,170.83,0.12485230405671532,1.75
0,294400,KIWOOM 200TR,,22892.0,,,,,,,,
0,060370,LS마린솔루션,건설,22881.0,222.34,175.0,70.0,121.0,2.13,17.67,0.7285714285714286,47.34
0,004370,농심,식품,22688.0,13.34,12.0,1839.0,2071.0,6.39,35.0,0.12615551930396962,1.3399999999999999
0,078600,대주전자재료,전자장비와기기,22663.0,109.29,75.0,207.0,349.0,11.5,155.9,0.6859903381642511,34.290000000000006
0,005440,현대지에프홀딩스,복합기업,22622.0,5.49,8.0,2741.0,3409.0,7.4,43.57,0.24370667639547605,-2.51
0,000120,CJ대한통운,항공화물운송과물류,22174.0,9.16,8.0,5081.0,5538.0,6.59,132.88,0.08994292462113762,1.1600000000000001
0,140860,파크시스템스,전자장비와기기,22112.0,64.08,41.0,422.0,596.0,21.53,55.44,0.4123222748815165,23.08
0,456600,TIME 글로벌AI인공지능액티브,,21991.0,,,,,,,,
0,030000,제일기획,광고,21904.0,10.55,10.0,3369.0,3409.0,14.09,125.93,0.011872959335114341,0.5500000000000007
0,466920,SOL 조선TOP3플러스,,21736.0,,,,,,,,
0,007070,GS리테일,백화점과일반상점,21654.0,49.9,11.0,2921.0,3430.0,6.05,128.41,0.17425539198904483,38.9
0,089030,테크윙,반도체와반도체장비,21565.0,230.95,230.95,158.0,985.0,28.99,198.75,5.234177215189874,0.0
0,214980,KODEX 단기채권PLUS,,21554.0,,,,,,,,
0,077970,STX엔진,조선,21479.0,28.92,26.0,696.0,1058.0,21.33,237.5,0.5201149425287357,2.9200000000000017
0,322000,HD현대에너지솔루션,에너지장비및서비스,21325.0,51.17,23.0,412.0,1182.0,20.34,26.96,1.8689320388349513,28.17
0,027360,아주IB투자,창업투자,21322.0,255.07,255.07,119.0,119.0,3.15,26.77,0.0,0.0
0,385540,RISE 종합채권(A-이상)액티브,,21160.0,,,,,,,,
0,003690,코리안리,손해보험,21065.0,7.21,7.21,4709.0,4709.0,9.03,287.13,0.0,0.0
0,035900,JYP Ent.,방송과엔터테인먼트,2929.0,13.03,16.0,1552.0,1690.0,19.23,36.19,0.08891752577319578,-2.9700000000000006
0,023590,다우기술,증권,2583.0,4.22,4.22,15593.0,15593.0,15.95,1006.86,0.0,0.0
0,041510,에스엠,방송과엔터테인먼트,2491.0,5.92,15.0,1830.0,2023.0,13.17,47.76,0.10546448087431703,-9.08
0,085620,미래에셋생명,생명보험,2534.0,23.02,23.02,1945.0,1945.0,5.22,1244.75,0.0,0.0
0,002790,아모레퍼시픽홀딩스,화장품,2414.0,20.09,20.09,3680.0,3680.0,3.64,21.2,0.0,0.0
0,095610,테스,반도체와반도체장비,2367.0,36.46,25.0,578.0,889.0,18.92,24.43,0.5380622837370241,11.46
0,005070,코스모신소재,화학,295.0,,,24.0,160.0,1.99,45.14,5.666666666666667,
0,081660,미스토홀딩스,"섬유,의류,신발,호화품",269.0,10.1,8.0,4748.0,5536.0,12.81,112.73,0.1659646166807076,2.0999999999999996
0,298020,효성티앤씨,"섬유,의류,신발,호화품",2318.0,187.88,10.0,2515.0,4701.0,12.78,193.27,0.8691848906560635,177.88
0,232080,TIGER 코스닥150,,26.0,,,,,,,,
0,361610,SK아이이테크놀로지,전기제품,238.0,,-11.0,-2464.0,-2037.0,-7.02,68.82,-0.17329545454545459,
0,487230,KODEX 미국AI전력핵심인프라,,19622.0,,,,,,,,
0,099320,쎄트렉아이,우주항공과국방,19603.0,128.22,122.0,102.0,174.0,6.27,73.42,0.7058823529411764,6.219999999999999
0,131290,티에스이,반도체와반도체장비,19457.0,50.9,50.9,492.0,894.0,17.0,30.88,0.8170731707317074,0.0
0,080220,제주반도체,반도체와반도체장비,19322.0,48.91,48.91,359.0,359.0,19.21,47.94,0.0,0.0
0,003540,대신증권,증권,19245.0,19.13,19.13,3014.0,3720.0,6.73,864.42,0.2342402123424021,0.0
0,105190,ACE 200,,19207.0,,,,,,,,
0,315930,KODEX Top5PlusTR,,18985.0,,,,,,,,
0,284430,KODEX 200미국채혼합,,18889.0,,,,,,,,
0,395400,SK리츠,,18663.0,,,,,,,,
0,152100,PLUS 200,,18834.0,,,,,,,,
0,101490,에스앤에스텍,반도체와반도체장비,18860.0,32.52,32.52,504.0,504.0,21.24,29.18,0.0,0.0
0,189300,인텔리안테크,통신장비,18511.0,248.06,56.0,120.0,396.0,11.59,86.45,2.3,192.06
0,462870,시프트업,게임엔터테인먼트,18417.0,9.63,9.63,1814.0,967.0,22.71,17.6,-0.4669239250275634,0.0
0,426030,TIME 미국나스닥100액티브,,18289.0,,,,,,,,
0,039200,오스코텍,제약,18249.0,34.87,34.87,521.0,340.0,16.57,23.02,-0.3474088291746641,0.0
0,232140,와이씨,반도체와반도체장비,17517.0,90.85,90.85,170.0,489.0,7.6,27.51,1.8764705882352941,0.0
0,475830,오름테라퓨틱,제약,17426.0,,,-518.0,-518.0,-33.22,29.37,0.0,
0,437730,삼현,자동차부품,18168.0,174.7,174.7,8.0,8.0,8.46,53.4,0.0,0.0
0,417200,LS머트리얼즈,전기제품,17387.0,4283.33,4283.33,-1.0,-1.0,0.24,33.22,0.0,0.0
0,491000,리브스메드,건강관리장비와용품,16703.0,,,-226.0,-57.0,-2.29,11.65,-0.747787610619469,
0,458870,씨어스,건강관리기술,15985.0,98.82,98.82,163.0,459.0,71.15,36.81,1.815950920245399,0.0
0,445680,큐리옥스바이오시스템즈,생명과학도구및서비스,15913.0,,,-123.0,-123.0,-53.58,47.75,0.0,
0,166090,하나머티리얼즈,반도체와반도체장비,15901.0,41.44,22.0,501.0,912.0,14.37,47.86,0.8203592814371257,19.439999999999998
0,397030,에이프릴바이오,제약,15875.0,,-216.0,-73.0,27.0,-7.57,0.83,-1.36986301369863,
0,183300,코미코,반도체와반도체장비,15524.0,31.14,31.14,1110.0,1350.0,22.25,178.59,0.21621621621621623,0.0
0,038500,삼표시멘트,건축자재,15335.0,37.59,37.59,766.0,766.0,5.29,84.0,0.0,0.0
0,290650,엘앤씨바이오,건강관리장비와용품,15430.0,,,44.0,247.0,4.86,118.98,4.613636363636363,
0,032500,케이엠더블유,통신장비,14817.0,,,-238.0,113.0,7.82,87.99,-1.4747899159663866,
0,096530,씨젠,생명과학도구및서비스,14754.0,30.57,30.57,346.0,523.0,5.73,21.66,0.5115606936416186,0.0
0,090710,휴림로봇,기계,14729.0,,,-173.0,-173.0,-13.42,36.13,0.0,
0,065350,신성델타테크,가정용기기와용품,14594.0,67.22,67.22,277.0,277.0,9.51,161.32,0.0,0.0
0,089970,브이엠,반도체와반도체장비,14467.0,57.37,21.0,247.0,847.0,34.2,40.37,2.42914979757085,36.37
0,085660,차바이오텍,건강관리업체및서비스,14104.0,,,-488.0,-488.0,-37.19,214.81,0.0,
0,003380,하림지주,식품,14113.0,6.14,6.14,8874.0,8874.0,7.29,170.94,0.0,0.0
0,127120,제이에스링크,생명과학도구및서비스,13968.0,,,-125.0,-125.0,-35.13,79.37,0.0,
0,281740,레이크머티리얼즈,화학,13902.0,180.77,180.77,133.0,240.0,5.8,161.94,0.8045112781954886,0.0
0,036540,SFA반도체,반도체와반도체장비,13864.0,,,-196.0,224.0,3.9,16.21,-2.142857142857143,
0,160190,하이젠알앤엠,기계,13591.0,,,-89.0,-89.0,-8.13,55.73,0.0,
0,420770,기가비스,반도체와반도체장비,13525.0,87.53,87.53,121.0,174.0,7.42,13.4,0.43801652892561993,0.0
0,161580,필옵틱스,전자장비와기기,13386.0,,,-349.0,-349.0,-14.67,100.09,0.0,
0,490470,세미파이브,반도체와반도체장비,13493.0,,,-534.0,-534.0,-31.2,40.25,0.0,
0,195940,HK이노엔,제약,13797.0,18.23,15.0,1109.0,1300.0,6.8,57.85,0.17222723174030663,3.2300000000000004
0,124500,아이티센글로벌,IT서비스,13134.0,28.16,28.16,2799.0,2799.0,45.89,212.5,0.0,0.0
0,033790,피노,전기제품,13099.0,,,88.0,88.0,-7.58,66.55,0.0,
0,033100,제룡전기,전기장비,13059.0,22.24,22.24,670.0,670.0,26.93,11.52,0.0,0.0
0,126340,비나텍,전기장비,13001.0,,,18.0,188.0,15.47,158.55,9.444444444444445,
0,036830,솔브레인홀딩스,전기제품,12959.0,2.72,2.72,89.0,89.0,32.06,36.52,0.0,0.0
0,295310,에이치브이엠,비철금속,12761.0,100.09,100.09,58.0,168.0,14.41,92.29,1.896551724137931,0.0
0,137400,피엔티,전기제품,12698.0,18.55,18.55,956.0,1260.0,14.65,146.08,0.3179916317991631,0.0
0,466100,클로봇,기계,12882.0,,,-32.0,-32.0,-3.58,20.84,0.0,
0,204270,제이앤티씨,핸드셋,12698.0,,,-780.0,689.0,25.26,121.3,-1.8833333333333333,
0,052020,에스티큐브,판매업체,12482.0,,,-235.0,-235.0,-26.2,25.11,0.0,
0,388210,씨엠티엑스,반도체와반도체장비,12406.0,,18.0,518.0,711.0,36.68,51.01,0.3725868725868726,
0,199800,툴젠,생물공학,12322.0,,,-233.0,-233.0,-64.34,10.39,0.0,
0,213420,덕산네오룩스,디스플레이장비및부품,12304.0,23.13,17.0,607.0,872.0,15.0,51.8,0.43657331136738065,6.129999999999999
0,222080,씨아이에스,전기제품,12188.0,42.24,42.24,335.0,335.0,5.83,30.04,0.0,0.0
0,007390,네이처셀,생물공학,12062.0,,,-36.0,-36.0,-4.45,18.57,0.0,
0,376900,로킷헬스케어,건강관리장비와용품,12056.0,,,5.0,5.0,8.69,376.27,0.0,
0,083450,GST,반도체와반도체장비,12016.0,26.54,26.54,592.0,728.0,16.15,26.8,0.22972972972972983,0.0
0,456160,지투지바이오,제약,11946.0,,,-122.0,-122.0,39.5,16.13,0.0,
0,388720,유일로보틱스,기계,11899.0,,,-126.0,-126.0,-26.71,20.64,0.0,
0,048410,현대바이오,화장품,11899.0,,,-182.0,-182.0,-29.47,18.07,0.0,
0,115180,큐리언트,제약,11658.0,,,-298.0,-298.0,-71.44,58.18,0.0,
0,094170,동운아나텍,반도체와반도체장비,11521.0,1124.49,1124.49,24.0,83.0,11.0,58.81,2.4583333333333335,0.0
0,056190,에스에프에이,기계,11150.0,20.24,20.24,859.0,1462.0,10.59,49.77,0.7019790454016297,0.0
0,050890,쏠리드,통신장비,11027.0,30.4,30.4,333.0,367.0,9.64,51.89,0.10210210210210202,0.0
0,086450,동국제약,제약,1403.0,15.75,13.0,966.0,1103.0,11.55,39.17,0.14182194616977228,2.75
0,035760,CJ ENM,방송과엔터테인먼트,1526.0,35.69,18.0,1329.0,1721.0,2.06,151.51,0.2949586155003763,17.689999999999998
0,014620,성광벤드,기계,1251.0,30.39,22.0,420.0,556.0,8.29,7.42,0.32380952380952377,8.39
0,056080,유진로봇,기계,1222.0,,,-50.0,-50.0,-21.68,87.3,0.0,
0,044490,태웅,에너지장비및서비스,124.0,184.87,184.87,50.0,295.0,4.36,32.9,4.9,0.0
0,293490,카카오게임즈,게임엔터테인먼트,9966.0,,-68.0,-396.0,-218.0,-1.35,123.44,-0.4494949494949495,
0,046890,서울반도체,디스플레이장비및부품,9947.0,,,-315.0,161.0,1.57,76.14,-1.511111111111111,
0,327260,RF머트리얼즈,우주항공과국방,9905.0,139.31,139.31,74.0,149.0,20.84,48.39,1.0135135135135136,0.0
0,356860,티엘비,반도체와반도체장비,9872.0,51.83,27.0,260.0,462.0,23.37,95.41,0.7769230769230768,24.83
0,023160,태광,기계,9791.0,15.71,19.0,387.0,602.0,8.21,10.63,0.5555555555555556,-3.289999999999999
0,121600,나노신소재,화학,9533.0,580.6,580.6,47.0,47.0,0.66,84.11,0.0,0.0
0,078160,메디포스트,생물공학,9527.0,,,-680.0,-680.0,-34.14,72.69,0.0,
0,053610,프로텍,반도체와반도체장비,9482.0,19.9,19.9,463.0,685.0,16.43,25.06,0.47948164146868244,0.0
0,074600,원익QnC,반도체와반도체장비,9477.0,42.11,17.0,596.0,1055.0,11.12,170.93,0.7701342281879195,25.11
0,476060,온코닉테라퓨틱스,제약,9263.0,56.82,56.82,126.0,126.0,24.65,5.09,0.0,0.0
0,122870,와이지엔터테인먼트,방송과엔터테인먼트,9243.0,25.05,15.0,713.0,808.0,11.58,28.88,0.13323983169705467,10.05
0,253450,스튜디오드래곤,방송과엔터테인먼트,9213.0,89.36,25.0,304.0,512.0,4.49,29.27,0.6842105263157894,64.36
0,241710,코스메카코리아,화장품,9131.0,20.09,14.0,835.0,1030.0,22.48,87.91,0.23353293413173648,6.09
0,171090,선익시스템,디스플레이장비및부품,9092.0,8.9,10.0,1115.0,1139.0,49.8,154.25,0.021524663677130018,-1.0999999999999996
0,052400,코나아이,IT서비스,9102.0,12.23,12.23,889.0,1303.0,35.31,116.79,0.4656917885264342,0.0
0,031330,에스에이엠티,전자장비와기기,9090.0,11.99,11.99,1139.0,1139.0,16.55,183.14,0.0,0.0
0,358570,지아이이노베이션,생물공학,9077.0,,,-407.0,-407.0,-48.28,9.41,0.0,
0,036810,에프에스티,반도체와반도체장비,9028.0,,,-5.0,231.0,3.67,122.88,-47.2,
0,348370,엔켐,전기제품,9016.0,,,-784.0,-784.0,-14.37,130.25,0.0,
0,032190,다우데이타,증권,8943.0,4.09,4.09,15999.0,15999.0,14.75,984.54,0.0,0.0
0,365340,성일하이텍,전기제품,8922.0,,-237.0,-545.0,14.0,-3.09,367.58,-1.0256880733944955,
0,082270,젬백스,반도체와반도체장비,8898.0,,,38.0,38.0,-26.29,177.61,0.0,
0,006730,서부T&D,"호텔,레스토랑,레저",8824.0,11.27,20.0,703.0,856.0,4.12,134.7,0.2176386913229018,-8.73
0,174900,앱클론,생물공학,8757.0,,,-176.0,-176.0,-39.86,17.05,0.0,
0,399720,가온칩스,반도체와반도체장비,8382.0,,,-167.0,-167.0,-23.17,191.31,0.0,
0,102940,코오롱생명과학,제약,8352.0,31.88,31.88,176.0,176.0,6.81,56.57,0.0,0.0
0,009520,포스코엠텍,철강,8329.0,588.24,588.24,10.0,10.0,1.25,35.84,0.0,0.0
0,348340,뉴로메카,기계,8295.0,,,-149.0,-149.0,-177.53,557.63,0.0,
0,0011T0,채비,전기제품,8197.0,,,-296.0,-296.0,-40.81,200.34,0.0,
0,077360,덕산하이메탈,반도체와반도체장비,8147.0,,,28.0,298.0,7.23,94.52,9.642857142857142,
0,425420,티에프이,반도체와반도체장비,8124.0,41.8,41.8,191.0,336.0,27.36,31.54,0.7591623036649215,0.0
0,102710,이엔에프테크놀로지,반도체와반도체장비,8087.0,15.57,15.57,781.0,844.0,12.86,66.47,0.08066581306017917,0.0
0,059090,미코,반도체와반도체장비,7987.0,27.07,27.07,1010.0,1010.0,27.23,228.63,0.0,0.0
0,368770,파이버프로,전자장비와기기,7951.0,85.51,85.51,101.0,101.0,22.06,32.59,0.0,0.0
0,336570,원텍,건강관리장비와용품,7937.0,22.54,17.0,517.0,617.0,26.2,38.04,0.19342359767891693,5.539999999999999
0,033500,동성화인텍,화학,7842.0,14.04,11.0,726.0,965.0,25.44,93.73,0.3292011019283747,3.039999999999999
0,252990,샘씨엔에스,반도체와반도체장비,7834.0,50.43,50.43,147.0,309.0,16.98,52.36,1.1020408163265305,0.0
0,448900,한국피아이엠,자동차부품,7830.0,,,15.0,54.0,-0.11,50.76,2.6,
0,060250,NHN KCP,IT서비스,7811.0,17.24,14.0,547.0,633.0,17.4,119.43,0.15722120658135275,3.2399999999999984
0,439960,코스모로보틱스,기계,7706.0,,,-82.0,-82.0,-659.24,48.08,0.0,
0,033640,네패스,반도체와반도체장비,7656.0,46.18,46.18,238.0,406.0,14.19,183.67,0.7058823529411764,0.0
0,086900,메디톡스,생물공학,7430.0,47.48,47.48,170.0,302.0,5.44,28.06,0.776470588235294,0.0
0,253590,네오셈,반도체와반도체장비,7410.0,138.44,138.44,41.0,41.0,4.54,30.08,0.0,0.0
0,112040,위메이드,게임엔터테인먼트,7401.0,,,107.0,730.0,13.37,114.81,5.822429906542056,
0,348210,넥스틴,반도체와반도체장비,7282.0,,33.0,-12.0,269.0,13.98,48.45,-23.416666666666668,
0,389470,인벤티지랩,제약,7382.0,,,-284.0,-284.0,-17.44,36.85,0.0,
0,089010,켐트로닉스,전자장비와기기,7261.0,70.87,70.87,232.0,404.0,13.6,197.67,0.7413793103448276,0.0
0,225570,넥슨게임즈,게임엔터테인먼트,7251.0,,,-602.0,-602.0,-21.79,58.7,0.0,
0,475960,토모큐브,생명과학도구및서비스,7227.0,,,-56.0,22.0,7.1,7.0,-1.3928571428571428,
0,278280,천보,전기제품,7158.0,,,37.0,-134.0,-1.66,81.76,-4.621621621621621,
0,272290,이녹스첨단소재,디스플레이장비및부품,7128.0,12.45,12.45,819.0,765.0,12.99,108.29,-0.06593406593406592,0.0
0,015750,성우하이텍,자동차부품,7104.0,4.21,4.21,2427.0,2427.0,10.52,134.77,0.0,0.0
0,053800,안랩,소프트웨어,7121.0,13.12,13.12,333.0,333.0,14.68,29.58,0.0,0.0
0,214430,아이쓰리시스템,우주항공과국방,7000.0,36.34,36.34,165.0,165.0,15.31,35.65,0.0,0.0
0,486990,노타,IT서비스,6980.0,,,-153.0,-46.0,-22.36,54.01,-0.6993464052287581,
0,200710,에이디테크놀로지,반도체와반도체장비,6866.0,190.3,190.3,29.0,220.0,13.5,115.93,6.586206896551724,0.0
0,460930,현대힘스,조선,6846.0,31.92,31.92,288.0,288.0,8.8,31.81,0.0,0.0
0,090360,로보스타,기계,6844.0,,,-57.0,-57.0,-5.82,25.72,0.0,
0,089890,코세스,반도체와반도체장비,6800.0,51.51,51.51,174.0,174.0,19.58,24.65,0.0,0.0
0,024850,HLB이노베이션,반도체와반도체장비,6838.0,,,-376.0,-350.0,-21.02,21.43,-0.06914893617021278,
0,006910,보성파워텍,전기장비,6780.0,33.41,33.41,268.0,268.0,20.26,20.91,0.0,0.0
0,084110,휴온스글로벌,제약,6748.0,23.37,23.37,906.0,906.0,5.41,42.95,0.0,0.0
0,376300,디어유,양방향미디어와서비스,6670.0,35.8,16.0,314.0,445.0,18.43,15.79,0.4171974522292994,19.799999999999997
0,033160,엠케이전자,반도체와반도체장비,6663.0,461.67,461.67,142.0,1168.0,0.37,153.02,7.225352112676056,0.0
0,041960,코미팜,제약,6657.0,,,20.0,20.0,-10.94,85.85,0.0,
0,125490,한라캐스트,자동차부품,6629.0,155.21,155.21,103.0,145.0,8.61,82.89,0.4077669902912622,0.0
0,372320,큐로셀,생물공학,6577.0,,,-106.0,-106.0,55.22,2023.74,0.0,
0,025980,아난티,"호텔,레스토랑,레저",6509.0,,,83.0,83.0,-5.62,121.7,0.0,
0,138080,오이솔루션,통신장비,6412.0,,,-160.0,49.0,4.07,86.09,-1.30625,
0,104830,원익머트리얼즈,화학,6354.0,13.05,13.05,565.0,708.0,10.64,21.37,0.2530973451327434,0.0
0,060280,큐렉소,건강관리장비와용품,6288.0,227.46,227.46,24.0,66.0,2.92,5.08,1.75,0.0
0,383310,에코프로에이치엔,상업서비스와공급품,6251.0,47.3,47.3,117.0,117.0,4.4,50.61,0.0,0.0
0,317330,덕산테코피아,반도체와반도체장비,6225.0,,,-430.0,54.0,-48.94,507.37,-1.1255813953488372,
0,092190,서울바이오시스,디스플레이장비및부품,6243.0,,,2.0,2.0,-26.46,322.51,0.0,
0,290550,디케이티,핸드셋,6210.0,26.79,26.79,216.0,233.0,11.94,57.62,0.07870370370370372,0.0
0,045100,한양이엔지,반도체와반도체장비,6169.0,15.19,15.19,537.0,537.0,6.81,47.97,0.0,0.0
0,067160,SOOP,양방향미디어와서비스,6161.0,6.05,6.0,1248.0,1161.0,18.96,75.84,-0.06971153846153844,0.04999999999999982
0,101930,인화정공,조선,6144.0,24.6,24.6,155.0,155.0,8.5,35.36,0.0,0.0
0,041830,인바디,건강관리장비와용품,6120.0,20.04,20.04,368.0,484.0,12.74,12.91,0.3152173913043479,0.0
0,168360,펨트론,전자장비와기기,6100.0,,,32.0,451.0,-14.17,316.18,13.09375,
0,035890,서희건설,건설,6078.0,4.99,4.99,1444.0,1444.0,11.84,49.57,0.0,0.0
0,119850,지엔씨에너지,전기장비,6004.0,15.03,15.03,494.0,494.0,21.15,67.41,0.0,0.0
0,389500,에스비비테크,기계,5990.0,,,-69.0,-24.0,-17.25,157.78,-0.6521739130434783,
0,069540,빛과전자,통신장비,5943.0,,,-165.0,-165.0,-32.62,57.3,0.0,
0,037460,삼지전자,통신장비,5915.0,7.82,7.82,1624.0,1624.0,16.89,145.15,0.0,0.0
0,254490,미래반도체,반도체와반도체장비,5790.0,40.96,40.96,191.0,191.0,14.41,70.29,0.0,0.0
0,093320,케이아이엔엑스,IT서비스,5763.0,33.7,33.7,239.0,239.0,8.69,36.25,0.0,0.0
0,493280,아이엠바이오로직스,제약,5759.0,452.33,452.33,3.0,3.0,-47.26,2.46,0.0,0.0
0,107640,한중엔시에스,전기장비,5711.0,141.89,141.89,40.0,170.0,6.46,152.88,3.25,0.0
0,080580,오킨스전자,반도체와반도체장비,5663.0,65.01,65.01,111.0,274.0,34.67,88.77,1.4684684684684686,0.0
0,039440,에스티아이,반도체와반도체장비,5691.0,37.68,37.68,197.0,197.0,5.63,27.63,0.0,0.0
0,468530,프로티나,생물공학,5656.0,,,-114.0,-114.0,-40.84,11.91,0.0,
0,042000,카페24,IT서비스,5615.0,14.37,14.37,402.0,402.0,16.23,56.29,0.0,0.0
0,099190,아이센스,건강관리장비와용품,5600.0,,,79.0,50.0,0.94,70.74,-0.36708860759493667,
0,328130,루닛,건강관리기술,5585.0,,,-831.0,-165.0,-18.64,169.16,-0.8014440433212997,
0,019210,와이지-원,기계,5579.0,22.06,22.06,665.0,665.0,6.14,170.78,0.0,0.0
0,488900,비츠로넥스텍,우주항공과국방,5563.0,,,-74.0,-74.0,-13.92,93.01,0.0,
0,234340,헥토파이낸셜,IT서비스,5546.0,59.79,59.79,156.0,265.0,12.23,196.56,0.6987179487179487,0.0
0,064260,다날,IT서비스,5537.0,,,23.0,23.0,-21.22,141.22,0.0,
0,018290,브이티,화장품,5486.0,9.17,9.17,829.0,681.0,17.96,39.58,-0.1785283474065139,0.0
0,041190,우리기술투자,창업투자,5468.0,4.95,4.95,1381.0,1381.0,15.32,21.19,0.0,0.0
0,122640,예스티,반도체와반도체장비,5455.0,,,38.0,262.0,15.97,66.45,5.894736842105263,
0,332570,PS일렉트로닉스,핸드셋,5421.0,32.68,32.68,39.0,39.0,15.91,73.92,0.0,0.0
0,330860,네패스아크,반도체와반도체장비,5379.0,157.68,157.68,48.0,256.0,10.52,72.89,4.333333333333333,0.0
0,354320,알멕,자동차부품,5369.0,,,62.0,145.0,4.56,112.69,1.338709677419355,
0,025900,동화기업,건축자재,5364.0,,,-138.0,-9.0,-2.73,157.92,-0.9347826086956522,
0,393890,더블유씨피,전기제품,5330.0,,-8.0,-1276.0,-417.0,-7.22,117.49,-0.6731974921630094,
0,101160,월덱스,반도체와반도체장비,5292.0,12.91,12.91,585.0,585.0,12.53,23.97,0.0,0.0
0,036620,감성코퍼레이션,"섬유,의류,신발,호화품",5276.0,15.06,11.0,446.0,579.0,30.36,37.97,0.2982062780269059,4.0600000000000005
0,047920,HLB제약,제약,5261.0,113.76,113.76,11.0,11.0,3.79,36.38,0.0,0.0
0,036170,에이치엠넥스,디스플레이장비및부품,5253.0,48.09,48.09,24.0,24.0,8.43,20.69,0.0,0.0
0,394280,오픈엣지테크놀로지,반도체와반도체장비,5214.0,,,-289.0,-10.0,-5.21,178.54,-0.9653979238754326,
0,251970,펌텍코리아,포장재,5177.0,15.03,12.0,565.0,654.0,14.0,28.14,0.15752212389380538,3.0299999999999994
0,211050,인카금융서비스,손해보험,5089.0,7.33,7.33,948.0,1267.0,39.66,367.04,0.3364978902953586,0.0
0,025320,시노펙스,핸드셋,5059.0,68.62,68.62,68.0,68.0,4.34,51.12,0.0,0.0
0,187660,페니트리움바이오,제약,5059.0,,,-74.0,-74.0,-104.62,52.33,0.0,
0,287840,인투셀,제약,5040.0,,,-103.0,-103.0,-65.72,66.69,0.0,
0,376270,HEM파마,건강관리업체및서비스,5038.0,,,-156.0,-156.0,-153.3,893.97,0.0,
0,425040,티이엠씨,반도체와반도체장비,5034.0,31.55,31.55,248.0,303.0,8.37,45.11,0.221774193548387,0.0
0,079370,제우스,반도체와반도체장비,5025.0,,,-45.0,-45.0,-1.74,52.24,0.0,
0,078350,한양디지텍,반도체와반도체장비,5000.0,33.4,33.4,239.0,239.0,9.09,75.0,0.0,0.0
0,230360,에코마케팅,"섬유,의류,신발,호화품",4960.0,30.13,30.13,454.0,454.0,6.99,58.25,0.0,0.0
0,034950,한국기업평가,상업서비스와공급품,4958.0,19.65,19.65,343.0,343.0,20.08,28.41,0.0,0.0
0,092870,엑시콘,반도체와반도체장비,4914.0,54.8,54.8,1.0,136.0,4.81,14.72,135.0,0.0
0,078130,국일제지,종이와목재,4915.0,,,-5.0,-5.0,-1.53,11.66,0.0,
